<?xml version="1.0" encoding="UTF-8"?>

<combination id="0">
    <item first="0x1100" second="0x1100" result="0x1101"/>  <!-- ᄀ   + ᄀ   → ᄁ  -->
    <item first="0x1100" second="0x1103" result="0x115a"/>  <!-- ᄀ   + ᄃ   → ᅚ  -->
    <item first="0x1102" second="0x1100" result="0x1113"/>  <!-- ᄂ   + ᄀ   → ᄓ  -->
    <item first="0x1102" second="0x1102" result="0x1114"/>  <!-- ᄂ   + ᄂ   → ᄔ  -->
    <item first="0x1102" second="0x1103" result="0x1115"/>  <!-- ᄂ   + ᄃ   → ᄕ  -->
    <item first="0x1102" second="0x1107" result="0x1116"/>  <!-- ᄂ   + ᄇ   → ᄖ  -->
    <item first="0x1102" second="0x1109" result="0x115b"/>  <!-- ᄂ   + ᄉ   → ᅛ  -->
    <item first="0x1102" second="0x110c" result="0x115c"/>  <!-- ᄂ   + ᄌ   → ᅜ  -->
    <item first="0x1102" second="0x1112" result="0x115d"/>  <!-- ᄂ   + ᄒ   → ᅝ  -->
    <item first="0x1103" second="0x1100" result="0x1117"/>  <!-- ᄃ   + ᄀ   → ᄗ  -->
    <item first="0x1103" second="0x1103" result="0x1104"/>  <!-- ᄃ   + ᄃ   → ᄄ  -->
    <item first="0x1103" second="0x1105" result="0x115e"/>  <!-- ᄃ   + ᄅ   → ᅞ  -->
    <item first="0x1103" second="0x1106" result="0xa960"/>  <!-- ᄃ   + ᄆ   → ꥠ  -->
    <item first="0x1103" second="0x1107" result="0xa961"/>  <!-- ᄃ   + ᄇ   → ꥡ  -->
    <item first="0x1103" second="0x1109" result="0xa962"/>  <!-- ᄃ   + ᄉ   → ꥢ  -->
    <item first="0x1103" second="0x110c" result="0xa963"/>  <!-- ᄃ   + ᄌ   → ꥣ  -->
    <item first="0x1105" second="0x1100" result="0xa964"/>  <!-- ᄅ   + ᄀ   → ꥤ  -->
    <item first="0x1105" second="0x1101" result="0xa965"/>  <!-- ᄅ   + ᄁ   → ꥥ  -->
    <item first="0x1105" second="0x1102" result="0x1118"/>  <!-- ᄅ   + ᄂ   → ᄘ  -->
    <item first="0x1105" second="0x1103" result="0xa966"/>  <!-- ᄅ   + ᄃ   → ꥦ  -->
    <item first="0x1105" second="0x1104" result="0xa967"/>  <!-- ᄅ   + ᄄ   → ꥧ  -->
    <item first="0x1105" second="0x1105" result="0x1119"/>  <!-- ᄅ   + ᄅ   → ᄙ  -->
    <item first="0x1105" second="0x1106" result="0xa968"/>  <!-- ᄅ   + ᄆ   → ꥨ  -->
    <item first="0x1105" second="0x1107" result="0xa969"/>  <!-- ᄅ   + ᄇ   → ꥩ  -->
    <item first="0x1105" second="0x1108" result="0xa96a"/>  <!-- ᄅ   + ᄈ   → ꥪ  -->
    <item first="0x1105" second="0x1109" result="0xa96c"/>  <!-- ᄅ   + ᄉ   → ꥬ  -->
    <item first="0x1105" second="0x110b" result="0x111b"/>  <!-- ᄅ   + ᄋ   → ᄛ  -->
    <item first="0x1105" second="0x110c" result="0xa96d"/>  <!-- ᄅ   + ᄌ   → ꥭ  -->
    <item first="0x1105" second="0x110f" result="0xa96e"/>  <!-- ᄅ   + ᄏ   → ꥮ  -->
    <item first="0x1105" second="0x1112" result="0x111a"/>  <!-- ᄅ   + ᄒ   → ᄚ  -->
    <item first="0x1105" second="0x112b" result="0xa96b"/>  <!-- ᄅ   + ᄫ   → ꥫ  -->
    <item first="0x1106" second="0x1100" result="0xa96f"/>  <!-- ᄆ   + ᄀ   → ꥯ  -->
    <item first="0x1106" second="0x1103" result="0xa970"/>  <!-- ᄆ   + ᄃ   → ꥰ  -->
    <item first="0x1106" second="0x1107" result="0x111c"/>  <!-- ᄆ   + ᄇ   → ᄜ  -->
    <item first="0x1106" second="0x1109" result="0xa971"/>  <!-- ᄆ   + ᄉ   → ꥱ  -->
    <item first="0x1106" second="0x110b" result="0x111d"/>  <!-- ᄆ   + ᄋ   → ᄝ  -->
    <item first="0x1107" second="0x1100" result="0x111e"/>  <!-- ᄇ   + ᄀ   → ᄞ  -->
    <item first="0x1107" second="0x1102" result="0x111f"/>  <!-- ᄇ   + ᄂ   → ᄟ  -->
    <item first="0x1107" second="0x1103" result="0x1120"/>  <!-- ᄇ   + ᄃ   → ᄠ  -->
    <item first="0x1107" second="0x1107" result="0x1108"/>  <!-- ᄇ   + ᄇ   → ᄈ  -->
    <item first="0x1107" second="0x1109" result="0x1121"/>  <!-- ᄇ   + ᄉ   → ᄡ  -->
    <item first="0x1107" second="0x110a" result="0x1125"/>  <!-- ᄇ   + ᄊ   → ᄥ  -->
    <item first="0x1107" second="0x110b" result="0x112b"/>  <!-- ᄇ   + ᄋ   → ᄫ  -->
    <item first="0x1107" second="0x110c" result="0x1127"/>  <!-- ᄇ   + ᄌ   → ᄧ  -->
    <item first="0x1107" second="0x110e" result="0x1128"/>  <!-- ᄇ   + ᄎ   → ᄨ  -->
    <item first="0x1107" second="0x110f" result="0xa973"/>  <!-- ᄇ   + ᄏ   → ꥳ  -->
    <item first="0x1107" second="0x1110" result="0x1129"/>  <!-- ᄇ   + ᄐ   → ᄩ  -->
    <item first="0x1107" second="0x1111" result="0x112a"/>  <!-- ᄇ   + ᄑ   → ᄪ  -->
    <item first="0x1107" second="0x1112" result="0xa974"/>  <!-- ᄇ   + ᄒ   → ꥴ  -->
    <item first="0x1107" second="0x112b" result="0x112c"/>  <!-- ᄇ   + ᄫ   → ᄬ  -->
    <item first="0x1107" second="0x112d" result="0x1122"/>  <!-- ᄇ   + ᄭ   → ᄢ  -->
    <item first="0x1107" second="0x112f" result="0x1123"/>  <!-- ᄇ   + ᄯ   → ᄣ  -->
    <item first="0x1107" second="0x1132" result="0x1124"/>  <!-- ᄇ   + ᄲ   → ᄤ  -->
    <item first="0x1107" second="0x1136" result="0x1126"/>  <!-- ᄇ   + ᄶ   → ᄦ  -->
    <item first="0x1107" second="0x1139" result="0xa972"/>  <!-- ᄇ   + ᄹ   → ꥲ  -->
    <item first="0x1108" second="0x110b" result="0x112c"/>  <!-- ᄈ   + ᄋ   → ᄬ  -->
    <item first="0x1109" second="0x1100" result="0x112d"/>  <!-- ᄉ   + ᄀ   → ᄭ  -->
    <item first="0x1109" second="0x1102" result="0x112e"/>  <!-- ᄉ   + ᄂ   → ᄮ  -->
    <item first="0x1109" second="0x1103" result="0x112f"/>  <!-- ᄉ   + ᄃ   → ᄯ  -->
    <item first="0x1109" second="0x1105" result="0x1130"/>  <!-- ᄉ   + ᄅ   → ᄰ  -->
    <item first="0x1109" second="0x1106" result="0x1131"/>  <!-- ᄉ   + ᄆ   → ᄱ  -->
    <item first="0x1109" second="0x1107" result="0x1132"/>  <!-- ᄉ   + ᄇ   → ᄲ  -->
    <item first="0x1109" second="0x1109" result="0x110a"/>  <!-- ᄉ   + ᄉ   → ᄊ  -->
    <item first="0x1109" second="0x110a" result="0x1134"/>  <!-- ᄉ   + ᄊ   → ᄴ  -->
    <item first="0x1109" second="0x110b" result="0x1135"/>  <!-- ᄉ   + ᄋ   → ᄵ  -->
    <item first="0x1109" second="0x110c" result="0x1136"/>  <!-- ᄉ   + ᄌ   → ᄶ  -->
    <item first="0x1109" second="0x110e" result="0x1137"/>  <!-- ᄉ   + ᄎ   → ᄷ  -->
    <item first="0x1109" second="0x110f" result="0x1138"/>  <!-- ᄉ   + ᄏ   → ᄸ  -->
    <item first="0x1109" second="0x1110" result="0x1139"/>  <!-- ᄉ   + ᄐ   → ᄹ  -->
    <item first="0x1109" second="0x1111" result="0x113a"/>  <!-- ᄉ   + ᄑ   → ᄺ  -->
    <item first="0x1109" second="0x1112" result="0x113b"/>  <!-- ᄉ   + ᄒ   → ᄻ  -->
    <item first="0x1109" second="0x111e" result="0x1133"/>  <!-- ᄉ   + ᄞ   → ᄳ  -->
    <item first="0x1109" second="0x1132" result="0xa975"/>  <!-- ᄉ   + ᄲ   → ꥵ  -->
    <item first="0x110a" second="0x1107" result="0xa975"/>  <!-- ᄊ   + ᄇ   → ꥵ  -->
    <item first="0x110a" second="0x1109" result="0x1134"/>  <!-- ᄊ   + ᄉ   → ᄴ  -->
    <item first="0x110b" second="0x1100" result="0x1141"/>  <!-- ᄋ   + ᄀ   → ᅁ  -->
    <item first="0x110b" second="0x1103" result="0x1142"/>  <!-- ᄋ   + ᄃ   → ᅂ  -->
    <item first="0x110b" second="0x1105" result="0xa976"/>  <!-- ᄋ   + ᄅ   → ꥶ  -->
    <item first="0x110b" second="0x1106" result="0x1143"/>  <!-- ᄋ   + ᄆ   → ᅃ  -->
    <item first="0x110b" second="0x1107" result="0x1144"/>  <!-- ᄋ   + ᄇ   → ᅄ  -->
    <item first="0x110b" second="0x1109" result="0x1145"/>  <!-- ᄋ   + ᄉ   → ᅅ  -->
    <item first="0x110b" second="0x110b" result="0x1147"/>  <!-- ᄋ   + ᄋ   → ᅇ  -->
    <item first="0x110b" second="0x110c" result="0x1148"/>  <!-- ᄋ   + ᄌ   → ᅈ  -->
    <item first="0x110b" second="0x110e" result="0x1149"/>  <!-- ᄋ   + ᄎ   → ᅉ  -->
    <item first="0x110b" second="0x1110" result="0x114a"/>  <!-- ᄋ   + ᄐ   → ᅊ  -->
    <item first="0x110b" second="0x1111" result="0x114b"/>  <!-- ᄋ   + ᄑ   → ᅋ  -->
    <item first="0x110b" second="0x1112" result="0xa977"/>  <!-- ᄋ   + ᄒ   → ꥷ  -->
    <item first="0x110b" second="0x1140" result="0x1146"/>  <!-- ᄋ   + ᅀ   → ᅆ  -->
    <item first="0x110c" second="0x110b" result="0x114d"/>  <!-- ᄌ   + ᄋ   → ᅍ  -->
    <item first="0x110c" second="0x110c" result="0x110d"/>  <!-- ᄌ   + ᄌ   → ᄍ  -->
    <item first="0x110d" second="0x1112" result="0xa978"/>  <!-- ᄍ   + ᄒ   → ꥸ  -->
    <item first="0x110e" second="0x110f" result="0x1152"/>  <!-- ᄎ   + ᄏ   → ᅒ  -->
    <item first="0x110e" second="0x1112" result="0x1153"/>  <!-- ᄎ   + ᄒ   → ᅓ  -->
    <item first="0x1110" second="0x1110" result="0xa979"/>  <!-- ᄐ   + ᄐ   → ꥹ  -->
    <item first="0x1111" second="0x1107" result="0x1156"/>  <!-- ᄑ   + ᄇ   → ᅖ  -->
    <item first="0x1111" second="0x110b" result="0x1157"/>  <!-- ᄑ   + ᄋ   → ᅗ  -->
    <item first="0x1111" second="0x1112" result="0xa97a"/>  <!-- ᄑ   + ᄒ   → ꥺ  -->
    <item first="0x1112" second="0x1109" result="0xa97b"/>  <!-- ᄒ   + ᄉ   → ꥻ  -->
    <item first="0x1112" second="0x1112" result="0x1158"/>  <!-- ᄒ   + ᄒ   → ᅘ  -->
    <item first="0x1121" second="0x1100" result="0x1122"/>  <!-- ᄡ   + ᄀ   → ᄢ  -->
    <item first="0x1121" second="0x1103" result="0x1123"/>  <!-- ᄡ   + ᄃ   → ᄣ  -->
    <item first="0x1121" second="0x1107" result="0x1124"/>  <!-- ᄡ   + ᄇ   → ᄤ  -->
    <item first="0x1121" second="0x1109" result="0x1125"/>  <!-- ᄡ   + ᄉ   → ᄥ  -->
    <item first="0x1121" second="0x110c" result="0x1126"/>  <!-- ᄡ   + ᄌ   → ᄦ  -->
    <item first="0x1121" second="0x1110" result="0xa972"/>  <!-- ᄡ   + ᄐ   → ꥲ  -->
    <item first="0x1132" second="0x1100" result="0x1133"/>  <!-- ᄲ   + ᄀ   → ᄳ  -->
    <item first="0x113c" second="0x113c" result="0x113d"/>  <!-- ᄼ   + ᄼ   → ᄽ  -->
    <item first="0x113e" second="0x113e" result="0x113f"/>  <!-- ᄾ   + ᄾ   → ᄿ  -->
    <item first="0x114e" second="0x114e" result="0x114f"/>  <!-- ᅎ   + ᅎ   → ᅏ  -->
    <item first="0x1150" second="0x1150" result="0x1151"/>  <!-- ᅐ   + ᅐ   → ᅑ  -->
    <item first="0x1159" second="0x1159" result="0xa97c"/>  <!-- ᅙ   + ᅙ   → ꥼ  -->
    <item first="0x1161" second="0x1161" result="0x119e"/>  <!-- ᅡ   + ᅡ   → ᆞ  -->
    <item first="0x1161" second="0x1169" result="0x1176"/>  <!-- ᅡ   + ᅩ   → ᅶ  -->
    <item first="0x1161" second="0x116e" result="0x1177"/>  <!-- ᅡ   + ᅮ   → ᅷ  -->
    <item first="0x1161" second="0x1173" result="0x11a3"/>  <!-- ᅡ   + ᅳ   → ᆣ  -->
    <item first="0x1161" second="0x1175" result="0x1162"/>  <!-- ᅡ   + ᅵ   → ᅢ  -->
    <item first="0x1163" second="0x1169" result="0x1178"/>  <!-- ᅣ   + ᅩ   → ᅸ  -->
    <item first="0x1163" second="0x116d" result="0x1179"/>  <!-- ᅣ   + ᅭ   → ᅹ  -->
    <item first="0x1163" second="0x116e" result="0x11a4"/>  <!-- ᅣ   + ᅮ   → ᆤ  -->
    <item first="0x1163" second="0x1175" result="0x1164"/>  <!-- ᅣ   + ᅵ   → ᅤ  -->
    <item first="0x1165" second="0x1169" result="0x117a"/>  <!-- ᅥ   + ᅩ   → ᅺ  -->
    <item first="0x1165" second="0x116e" result="0x117b"/>  <!-- ᅥ   + ᅮ   → ᅻ  -->
    <item first="0x1165" second="0x1173" result="0x117c"/>  <!-- ᅥ   + ᅳ   → ᅼ  -->
    <item first="0x1165" second="0x1175" result="0x1166"/>  <!-- ᅥ   + ᅵ   → ᅦ  -->
    <item first="0x1167" second="0x1163" result="0x11a5"/>  <!-- ᅧ   + ᅣ   → ᆥ  -->
    <item first="0x1167" second="0x1169" result="0x117d"/>  <!-- ᅧ   + ᅩ   → ᅽ  -->
    <item first="0x1167" second="0x116e" result="0x117e"/>  <!-- ᅧ   + ᅮ   → ᅾ  -->
    <item first="0x1167" second="0x1175" result="0x1168"/>  <!-- ᅧ   + ᅵ   → ᅨ  -->
    <item first="0x1169" second="0x1161" result="0x116a"/>  <!-- ᅩ   + ᅡ   → ᅪ  -->
    <item first="0x1169" second="0x1162" result="0x116b"/>  <!-- ᅩ   + ᅢ   → ᅫ  -->
    <item first="0x1169" second="0x1163" result="0x11a6"/>  <!-- ᅩ   + ᅣ   → ᆦ  -->
    <item first="0x1169" second="0x1164" result="0x11a7"/>  <!-- ᅩ   + ᅤ   → ᆧ  -->
    <item first="0x1169" second="0x1165" result="0x117f"/>  <!-- ᅩ   + ᅥ   → ᅿ  -->
    <item first="0x1169" second="0x1166" result="0x1180"/>  <!-- ᅩ   + ᅦ   → ᆀ  -->
    <item first="0x1169" second="0x1167" result="0xd7b0"/>  <!-- ᅩ   + ᅧ   → ힰ  -->
    <item first="0x1169" second="0x1168" result="0x1181"/>  <!-- ᅩ   + ᅨ   → ᆁ  -->
    <item first="0x1169" second="0x1169" result="0x1182"/>  <!-- ᅩ   + ᅩ   → ᆂ  -->
    <item first="0x1169" second="0x116e" result="0x1183"/>  <!-- ᅩ   + ᅮ   → ᆃ  -->
    <item first="0x1169" second="0x1175" result="0x116c"/>  <!-- ᅩ   + ᅵ   → ᅬ  -->
    <item first="0x116a" second="0x1175" result="0x116b"/>  <!-- ᅪ   + ᅵ   → ᅫ  -->
    <item first="0x116d" second="0x1161" result="0xd7b2"/>  <!-- ᅭ   + ᅡ   → ힲ  -->
    <item first="0x116d" second="0x1162" result="0xd7b3"/>  <!-- ᅭ   + ᅢ   → ힳ  -->
    <item first="0x116d" second="0x1163" result="0x1184"/>  <!-- ᅭ   + ᅣ   → ᆄ  -->
    <item first="0x116d" second="0x1164" result="0x1185"/>  <!-- ᅭ   + ᅤ   → ᆅ  -->
    <item first="0x116d" second="0x1165" result="0xd7b4"/>  <!-- ᅭ   + ᅥ   → ힴ  -->
    <item first="0x116d" second="0x1167" result="0x1186"/>  <!-- ᅭ   + ᅧ   → ᆆ  -->
    <item first="0x116d" second="0x1169" result="0x1187"/>  <!-- ᅭ   + ᅩ   → ᆇ  -->
    <item first="0x116d" second="0x1175" result="0x1188"/>  <!-- ᅭ   + ᅵ   → ᆈ  -->
    <item first="0x116e" second="0x1161" result="0x1189"/>  <!-- ᅮ   + ᅡ   → ᆉ  -->
    <item first="0x116e" second="0x1162" result="0x118a"/>  <!-- ᅮ   + ᅢ   → ᆊ  -->
    <item first="0x116e" second="0x1165" result="0x116f"/>  <!-- ᅮ   + ᅥ   → ᅯ  -->
    <item first="0x116e" second="0x1166" result="0x1170"/>  <!-- ᅮ   + ᅦ   → ᅰ  -->
    <item first="0x116e" second="0x1167" result="0xd7b5"/>  <!-- ᅮ   + ᅧ   → ힵ  -->
    <item first="0x116e" second="0x1168" result="0x118c"/>  <!-- ᅮ   + ᅨ   → ᆌ  -->
    <item first="0x116e" second="0x116e" result="0x118d"/>  <!-- ᅮ   + ᅮ   → ᆍ  -->
    <item first="0x116e" second="0x1175" result="0x1171"/>  <!-- ᅮ   + ᅵ   → ᅱ  -->
    <item first="0x116e" second="0x117c" result="0x118b"/>  <!-- ᅮ   + ᅼ   → ᆋ  -->
    <item first="0x116e" second="0xd7c4" result="0xd7b6"/>  <!-- ᅮ   + ퟄ   → ힶ  -->
    <item first="0x116f" second="0x1173" result="0x118b"/>  <!-- ᅯ   + ᅳ   → ᆋ  -->
    <item first="0x116f" second="0x1175" result="0x1170"/>  <!-- ᅯ   + ᅵ   → ᅰ  -->
    <item first="0x1171" second="0x1175" result="0xd7b6"/>  <!-- ᅱ   + ᅵ   → ힶ  -->
    <item first="0x1172" second="0x1161" result="0x118e"/>  <!-- ᅲ   + ᅡ   → ᆎ  -->
    <item first="0x1172" second="0x1162" result="0xd7b7"/>  <!-- ᅲ   + ᅢ   → ힷ  -->
    <item first="0x1172" second="0x1165" result="0x118f"/>  <!-- ᅲ   + ᅥ   → ᆏ  -->
    <item first="0x1172" second="0x1166" result="0x1190"/>  <!-- ᅲ   + ᅦ   → ᆐ  -->
    <item first="0x1172" second="0x1167" result="0x1191"/>  <!-- ᅲ   + ᅧ   → ᆑ  -->
    <item first="0x1172" second="0x1168" result="0x1192"/>  <!-- ᅲ   + ᅨ   → ᆒ  -->
    <item first="0x1172" second="0x1169" result="0xd7b8"/>  <!-- ᅲ   + ᅩ   → ힸ  -->
    <item first="0x1172" second="0x116e" result="0x1193"/>  <!-- ᅲ   + ᅮ   → ᆓ  -->
    <item first="0x1172" second="0x1175" result="0x1194"/>  <!-- ᅲ   + ᅵ   → ᆔ  -->
    <item first="0x1173" second="0x1161" result="0xd7b9"/>  <!-- ᅳ   + ᅡ   → ힹ  -->
    <item first="0x1173" second="0x1165" result="0xd7ba"/>  <!-- ᅳ   + ᅥ   → ힺ  -->
    <item first="0x1173" second="0x1166" result="0xd7bb"/>  <!-- ᅳ   + ᅦ   → ힻ  -->
    <item first="0x1173" second="0x1169" result="0xd7bc"/>  <!-- ᅳ   + ᅩ   → ힼ  -->
    <item first="0x1173" second="0x116e" result="0x1195"/>  <!-- ᅳ   + ᅮ   → ᆕ  -->
    <item first="0x1173" second="0x1173" result="0x1196"/>  <!-- ᅳ   + ᅳ   → ᆖ  -->
    <item first="0x1173" second="0x1175" result="0x1174"/>  <!-- ᅳ   + ᅵ   → ᅴ  -->
    <item first="0x1174" second="0x116e" result="0x1197"/>  <!-- ᅴ   + ᅮ   → ᆗ  -->
    <item first="0x1175" second="0x1161" result="0x1198"/>  <!-- ᅵ   + ᅡ   → ᆘ  -->
    <item first="0x1175" second="0x1163" result="0x1199"/>  <!-- ᅵ   + ᅣ   → ᆙ  -->
    <item first="0x1175" second="0x1164" result="0xd7be"/>  <!-- ᅵ   + ᅤ   → ힾ  -->
    <item first="0x1175" second="0x1167" result="0xd7bf"/>  <!-- ᅵ   + ᅧ   → ힿ  -->
    <item first="0x1175" second="0x1168" result="0xd7c0"/>  <!-- ᅵ   + ᅨ   → ퟀ  -->
    <item first="0x1175" second="0x1169" result="0x119a"/>  <!-- ᅵ   + ᅩ   → ᆚ  -->
    <item first="0x1175" second="0x116d" result="0xd7c2"/>  <!-- ᅵ   + ᅭ   → ퟂ  -->
    <item first="0x1175" second="0x116e" result="0x119b"/>  <!-- ᅵ   + ᅮ   → ᆛ  -->
    <item first="0x1175" second="0x1172" result="0xd7c3"/>  <!-- ᅵ   + ᅲ   → ퟃ  -->
    <item first="0x1175" second="0x1173" result="0x119c"/>  <!-- ᅵ   + ᅳ   → ᆜ  -->
    <item first="0x1175" second="0x1175" result="0xd7c4"/>  <!-- ᅵ   + ᅵ   → ퟄ  -->
    <item first="0x1175" second="0x1178" result="0xd7bd"/>  <!-- ᅵ   + ᅸ   → ힽ  -->
    <item first="0x1175" second="0x119e" result="0x119d"/>  <!-- ᅵ   + ᆞ   → ᆝ  -->
    <item first="0x1182" second="0x1175" result="0xd7b1"/>  <!-- ᆂ   + ᅵ   → ힱ  -->
    <item first="0x1199" second="0x1169" result="0xd7bd"/>  <!-- ᆙ   + ᅩ   → ힽ  -->
    <item first="0x119a" second="0x1175" result="0xd7c1"/>  <!-- ᆚ   + ᅵ   → ퟁ  -->
    <item first="0x119e" second="0x1161" result="0xd7c5"/>  <!-- ᆞ   + ᅡ   → ퟅ  -->
    <item first="0x119e" second="0x1165" result="0x119f"/>  <!-- ᆞ   + ᅥ   → ᆟ  -->
    <item first="0x119e" second="0x1166" result="0xd7c6"/>  <!-- ᆞ   + ᅦ   → ퟆ  -->
    <item first="0x119e" second="0x116e" result="0x11a0"/>  <!-- ᆞ   + ᅮ   → ᆠ  -->
    <item first="0x119e" second="0x1175" result="0x11a1"/>  <!-- ᆞ   + ᅵ   → ᆡ  -->
    <item first="0x119e" second="0x119e" result="0x11a2"/>  <!-- ᆞ   + ᆞ   → ᆢ  -->
    <item first="0x11a8" second="0x11a8" result="0x11a9"/>  <!-- ᆨ   + ᆨ   → ᆩ  -->
    <item first="0x11a8" second="0x11ab" result="0x11fa"/>  <!-- ᆨ   + ᆫ   → ᇺ  -->
    <item first="0x11a8" second="0x11af" result="0x11c3"/>  <!-- ᆨ   + ᆯ   → ᇃ  -->
    <item first="0x11a8" second="0x11b8" result="0x11fb"/>  <!-- ᆨ   + ᆸ   → ᇻ  -->
    <item first="0x11a8" second="0x11ba" result="0x11aa"/>  <!-- ᆨ   + ᆺ   → ᆪ  -->
    <item first="0x11a8" second="0x11be" result="0x11fc"/>  <!-- ᆨ   + ᆾ   → ᇼ  -->
    <item first="0x11a8" second="0x11bf" result="0x11fd"/>  <!-- ᆨ   + ᆿ   → ᇽ  -->
    <item first="0x11a8" second="0x11c2" result="0x11fe"/>  <!-- ᆨ   + ᇂ   → ᇾ  -->
    <item first="0x11a8" second="0x11e7" result="0x11c4"/>  <!-- ᆨ   + ᇧ   → ᇄ  -->
    <item first="0x11aa" second="0x11a8" result="0x11c4"/>  <!-- ᆪ   + ᆨ   → ᇄ  -->
    <item first="0x11ab" second="0x11a8" result="0x11c5"/>  <!-- ᆫ   + ᆨ   → ᇅ  -->
    <item first="0x11ab" second="0x11ab" result="0x11ff"/>  <!-- ᆫ   + ᆫ   → ᇿ  -->
    <item first="0x11ab" second="0x11ae" result="0x11c6"/>  <!-- ᆫ   + ᆮ   → ᇆ  -->
    <item first="0x11ab" second="0x11af" result="0xd7cb"/>  <!-- ᆫ   + ᆯ   → ퟋ  -->
    <item first="0x11ab" second="0x11ba" result="0x11c7"/>  <!-- ᆫ   + ᆺ   → ᇇ  -->
    <item first="0x11ab" second="0x11bd" result="0x11ac"/>  <!-- ᆫ   + ᆽ   → ᆬ  -->
    <item first="0x11ab" second="0x11be" result="0xd7cc"/>  <!-- ᆫ   + ᆾ   → ퟌ  -->
    <item first="0x11ab" second="0x11c0" result="0x11c9"/>  <!-- ᆫ   + ᇀ   → ᇉ  -->
    <item first="0x11ab" second="0x11c2" result="0x11ad"/>  <!-- ᆫ   + ᇂ   → ᆭ  -->
    <item first="0x11ab" second="0x11eb" result="0x11c8"/>  <!-- ᆫ   + ᇫ   → ᇈ  -->
    <item first="0x11ae" second="0x11a8" result="0x11ca"/>  <!-- ᆮ   + ᆨ   → ᇊ  -->
    <item first="0x11ae" second="0x11ae" result="0xd7cd"/>  <!-- ᆮ   + ᆮ   → ퟍ  -->
    <item first="0x11ae" second="0x11af" result="0x11cb"/>  <!-- ᆮ   + ᆯ   → ᇋ  -->
    <item first="0x11ae" second="0x11b8" result="0xd7cf"/>  <!-- ᆮ   + ᆸ   → ퟏ  -->
    <item first="0x11ae" second="0x11ba" result="0xd7d0"/>  <!-- ᆮ   + ᆺ   → ퟐ  -->
    <item first="0x11ae" second="0x11bd" result="0xd7d2"/>  <!-- ᆮ   + ᆽ   → ퟒ  -->
    <item first="0x11ae" second="0x11be" result="0xd7d3"/>  <!-- ᆮ   + ᆾ   → ퟓ  -->
    <item first="0x11ae" second="0x11c0" result="0xd7d4"/>  <!-- ᆮ   + ᇀ   → ퟔ  -->
    <item first="0x11ae" second="0x11e7" result="0xd7d1"/>  <!-- ᆮ   + ᇧ   → ퟑ  -->
    <item first="0x11ae" second="0xd7cf" result="0xd7ce"/>  <!-- ᆮ   + ퟏ   → ퟎ  -->
    <item first="0x11af" second="0x11a8" result="0x11b0"/>  <!-- ᆯ   + ᆨ   → ᆰ  -->
    <item first="0x11af" second="0x11a9" result="0xd7d5"/>  <!-- ᆯ   + ᆩ   → ퟕ  -->
    <item first="0x11af" second="0x11aa" result="0x11cc"/>  <!-- ᆯ   + ᆪ   → ᇌ  -->
    <item first="0x11af" second="0x11ab" result="0x11cd"/>  <!-- ᆯ   + ᆫ   → ᇍ  -->
    <item first="0x11af" second="0x11ae" result="0x11ce"/>  <!-- ᆯ   + ᆮ   → ᇎ  -->
    <item first="0x11af" second="0x11af" result="0x11d0"/>  <!-- ᆯ   + ᆯ   → ᇐ  -->
    <item first="0x11af" second="0x11b7" result="0x11b1"/>  <!-- ᆯ   + ᆷ   → ᆱ  -->
    <item first="0x11af" second="0x11b8" result="0x11b2"/>  <!-- ᆯ   + ᆸ   → ᆲ  -->
    <item first="0x11af" second="0x11b9" result="0x11d3"/>  <!-- ᆯ   + ᆹ   → ᇓ  -->
    <item first="0x11af" second="0x11ba" result="0x11b3"/>  <!-- ᆯ   + ᆺ   → ᆳ  -->
    <item first="0x11af" second="0x11bb" result="0x11d6"/>  <!-- ᆯ   + ᆻ   → ᇖ  -->
    <item first="0x11af" second="0x11bc" result="0xd7dd"/>  <!-- ᆯ   + ᆼ   → ퟝ  -->
    <item first="0x11af" second="0x11bf" result="0x11d8"/>  <!-- ᆯ   + ᆿ   → ᇘ  -->
    <item first="0x11af" second="0x11c0" result="0x11b4"/>  <!-- ᆯ   + ᇀ   → ᆴ  -->
    <item first="0x11af" second="0x11c1" result="0x11b5"/>  <!-- ᆯ   + ᇁ   → ᆵ  -->
    <item first="0x11af" second="0x11c2" result="0x11b6"/>  <!-- ᆯ   + ᇂ   → ᆶ  -->
    <item first="0x11af" second="0x11d8" result="0xd7d7"/>  <!-- ᆯ   + ᇘ   → ퟗ  -->
    <item first="0x11af" second="0x11da" result="0x11d1"/>  <!-- ᆯ   + ᇚ   → ᇑ  -->
    <item first="0x11af" second="0x11dd" result="0x11d2"/>  <!-- ᆯ   + ᇝ   → ᇒ  -->
    <item first="0x11af" second="0x11e1" result="0xd7d8"/>  <!-- ᆯ   + ᇡ   → ퟘ  -->
    <item first="0x11af" second="0x11e4" result="0xd7da"/>  <!-- ᆯ   + ᇤ   → ퟚ  -->
    <item first="0x11af" second="0x11e5" result="0x11d4"/>  <!-- ᆯ   + ᇥ   → ᇔ  -->
    <item first="0x11af" second="0x11e6" result="0x11d5"/>  <!-- ᆯ   + ᇦ   → ᇕ  -->
    <item first="0x11af" second="0x11eb" result="0x11d7"/>  <!-- ᆯ   + ᇫ   → ᇗ  -->
    <item first="0x11af" second="0x11f0" result="0xd7db"/>  <!-- ᆯ   + ᇰ   → ퟛ  -->
    <item first="0x11af" second="0x11f9" result="0x11d9"/>  <!-- ᆯ   + ᇹ   → ᇙ  -->
    <item first="0x11af" second="0x11fe" result="0xd7d6"/>  <!-- ᆯ   + ᇾ   → ퟖ  -->
    <item first="0x11af" second="0xd7e3" result="0xd7d9"/>  <!-- ᆯ   + ퟣ   → ퟙ  -->
    <item first="0x11b0" second="0x11a8" result="0xd7d5"/>  <!-- ᆰ   + ᆨ   → ퟕ  -->
    <item first="0x11b0" second="0x11ba" result="0x11cc"/>  <!-- ᆰ   + ᆺ   → ᇌ  -->
    <item first="0x11b0" second="0x11c2" result="0xd7d6"/>  <!-- ᆰ   + ᇂ   → ퟖ  -->
    <item first="0x11b1" second="0x11a8" result="0x11d1"/>  <!-- ᆱ   + ᆨ   → ᇑ  -->
    <item first="0x11b1" second="0x11ba" result="0x11d2"/>  <!-- ᆱ   + ᆺ   → ᇒ  -->
    <item first="0x11b1" second="0x11c2" result="0xd7d8"/>  <!-- ᆱ   + ᇂ   → ퟘ  -->
    <item first="0x11b2" second="0x11ae" result="0xd7d9"/>  <!-- ᆲ   + ᆮ   → ퟙ  -->
    <item first="0x11b2" second="0x11ba" result="0x11d3"/>  <!-- ᆲ   + ᆺ   → ᇓ  -->
    <item first="0x11b2" second="0x11bc" result="0x11d5"/>  <!-- ᆲ   + ᆼ   → ᇕ  -->
    <item first="0x11b2" second="0x11c1" result="0xd7da"/>  <!-- ᆲ   + ᇁ   → ퟚ  -->
    <item first="0x11b2" second="0x11c2" result="0x11d4"/>  <!-- ᆲ   + ᇂ   → ᇔ  -->
    <item first="0x11b3" second="0x11ba" result="0x11d6"/>  <!-- ᆳ   + ᆺ   → ᇖ  -->
    <item first="0x11b7" second="0x11a8" result="0x11da"/>  <!-- ᆷ   + ᆨ   → ᇚ  -->
    <item first="0x11b7" second="0x11ab" result="0xd7de"/>  <!-- ᆷ   + ᆫ   → ퟞ  -->
    <item first="0x11b7" second="0x11af" result="0x11db"/>  <!-- ᆷ   + ᆯ   → ᇛ  -->
    <item first="0x11b7" second="0x11b7" result="0xd7e0"/>  <!-- ᆷ   + ᆷ   → ퟠ  -->
    <item first="0x11b7" second="0x11b8" result="0x11dc"/>  <!-- ᆷ   + ᆸ   → ᇜ  -->
    <item first="0x11b7" second="0x11b9" result="0xd7e1"/>  <!-- ᆷ   + ᆹ   → ퟡ  -->
    <item first="0x11b7" second="0x11ba" result="0x11dd"/>  <!-- ᆷ   + ᆺ   → ᇝ  -->
    <item first="0x11b7" second="0x11bb" result="0x11de"/>  <!-- ᆷ   + ᆻ   → ᇞ  -->
    <item first="0x11b7" second="0x11bc" result="0x11e2"/>  <!-- ᆷ   + ᆼ   → ᇢ  -->
    <item first="0x11b7" second="0x11bd" result="0xd7e2"/>  <!-- ᆷ   + ᆽ   → ퟢ  -->
    <item first="0x11b7" second="0x11be" result="0x11e0"/>  <!-- ᆷ   + ᆾ   → ᇠ  -->
    <item first="0x11b7" second="0x11c2" result="0x11e1"/>  <!-- ᆷ   + ᇂ   → ᇡ  -->
    <item first="0x11b7" second="0x11eb" result="0x11df"/>  <!-- ᆷ   + ᇫ   → ᇟ  -->
    <item first="0x11b7" second="0x11ff" result="0xd7df"/>  <!-- ᆷ   + ᇿ   → ퟟ  -->
    <item first="0x11b8" second="0x11ae" result="0xd7e3"/>  <!-- ᆸ   + ᆮ   → ퟣ  -->
    <item first="0x11b8" second="0x11af" result="0x11e3"/>  <!-- ᆸ   + ᆯ   → ᇣ  -->
    <item first="0x11b8" second="0x11b5" result="0xd7e4"/>  <!-- ᆸ   + ᆵ   → ퟤ  -->
    <item first="0x11b8" second="0x11b7" result="0xd7e5"/>  <!-- ᆸ   + ᆷ   → ퟥ  -->
    <item first="0x11b8" second="0x11b8" result="0xd7e6"/>  <!-- ᆸ   + ᆸ   → ퟦ  -->
    <item first="0x11b8" second="0x11ba" result="0x11b9"/>  <!-- ᆸ   + ᆺ   → ᆹ  -->
    <item first="0x11b8" second="0x11bc" result="0x11e6"/>  <!-- ᆸ   + ᆼ   → ᇦ  -->
    <item first="0x11b8" second="0x11bd" result="0xd7e8"/>  <!-- ᆸ   + ᆽ   → ퟨ  -->
    <item first="0x11b8" second="0x11be" result="0xd7e9"/>  <!-- ᆸ   + ᆾ   → ퟩ  -->
    <item first="0x11b8" second="0x11c1" result="0x11e4"/>  <!-- ᆸ   + ᇁ   → ᇤ  -->
    <item first="0x11b8" second="0x11c2" result="0x11e5"/>  <!-- ᆸ   + ᇂ   → ᇥ  -->
    <item first="0x11b8" second="0x11e8" result="0xd7e7"/>  <!-- ᆸ   + ᇨ   → ퟧ  -->
    <item first="0x11b9" second="0x11ae" result="0xd7e7"/>  <!-- ᆹ   + ᆮ   → ퟧ  -->
    <item first="0x11ba" second="0x11a8" result="0x11e7"/>  <!-- ᆺ   + ᆨ   → ᇧ  -->
    <item first="0x11ba" second="0x11ae" result="0x11e8"/>  <!-- ᆺ   + ᆮ   → ᇨ  -->
    <item first="0x11ba" second="0x11af" result="0x11e9"/>  <!-- ᆺ   + ᆯ   → ᇩ  -->
    <item first="0x11ba" second="0x11b7" result="0xd7ea"/>  <!-- ᆺ   + ᆷ   → ퟪ  -->
    <item first="0x11ba" second="0x11b8" result="0x11ea"/>  <!-- ᆺ   + ᆸ   → ᇪ  -->
    <item first="0x11ba" second="0x11ba" result="0x11bb"/>  <!-- ᆺ   + ᆺ   → ᆻ  -->
    <item first="0x11ba" second="0x11bd" result="0xd7ef"/>  <!-- ᆺ   + ᆽ   → ퟯ  -->
    <item first="0x11ba" second="0x11be" result="0xd7f0"/>  <!-- ᆺ   + ᆾ   → ퟰ  -->
    <item first="0x11ba" second="0x11c0" result="0xd7f1"/>  <!-- ᆺ   + ᇀ   → ퟱ  -->
    <item first="0x11ba" second="0x11c2" result="0xd7f2"/>  <!-- ᆺ   + ᇂ   → ퟲ  -->
    <item first="0x11ba" second="0x11e6" result="0xd7eb"/>  <!-- ᆺ   + ᇦ   → ퟫ  -->
    <item first="0x11ba" second="0x11e7" result="0xd7ec"/>  <!-- ᆺ   + ᇧ   → ퟬ  -->
    <item first="0x11ba" second="0x11e8" result="0xd7ed"/>  <!-- ᆺ   + ᇨ   → ퟭ  -->
    <item first="0x11ba" second="0x11eb" result="0xd7ee"/>  <!-- ᆺ   + ᇫ   → ퟮ  -->
    <item first="0x11bb" second="0x11a8" result="0xd7ec"/>  <!-- ᆻ   + ᆨ   → ퟬ  -->
    <item first="0x11bb" second="0x11ae" result="0xd7ed"/>  <!-- ᆻ   + ᆮ   → ퟭ  -->
    <item first="0x11bd" second="0x11b8" result="0xd7f7"/>  <!-- ᆽ   + ᆸ   → ퟷ  -->
    <item first="0x11bd" second="0x11bd" result="0xd7f9"/>  <!-- ᆽ   + ᆽ   → ퟹ  -->
    <item first="0x11bd" second="0xd7e6" result="0xd7f8"/>  <!-- ᆽ   + ퟦ   → ퟸ  -->
    <item first="0x11c1" second="0x11b8" result="0x11f3"/>  <!-- ᇁ   + ᆸ   → ᇳ  -->
    <item first="0x11c1" second="0x11ba" result="0xd7fa"/>  <!-- ᇁ   + ᆺ   → ퟺ  -->
    <item first="0x11c1" second="0x11bc" result="0x11f4"/>  <!-- ᇁ   + ᆼ   → ᇴ  -->
    <item first="0x11c1" second="0x11c0" result="0xd7fb"/>  <!-- ᇁ   + ᇀ   → ퟻ  -->
    <item first="0x11c2" second="0x11ab" result="0x11f5"/>  <!-- ᇂ   + ᆫ   → ᇵ  -->
    <item first="0x11c2" second="0x11af" result="0x11f6"/>  <!-- ᇂ   + ᆯ   → ᇶ  -->
    <item first="0x11c2" second="0x11b7" result="0x11f7"/>  <!-- ᇂ   + ᆷ   → ᇷ  -->
    <item first="0x11c2" second="0x11b8" result="0x11f8"/>  <!-- ᇂ   + ᆸ   → ᇸ  -->
    <item first="0x11ce" second="0x11c2" result="0x11cf"/>  <!-- ᇎ   + ᇂ   → ᇏ  -->
    <item first="0x11d0" second="0x11bf" result="0xd7d7"/>  <!-- ᇐ   + ᆿ   → ퟗ  -->
    <item first="0x11d9" second="0x11c2" result="0xd7dc"/>  <!-- ᇙ   + ᇂ   → ퟜ  -->
    <item first="0x11dc" second="0x11ba" result="0xd7e1"/>  <!-- ᇜ   + ᆺ   → ퟡ  -->
    <item first="0x11dd" second="0x11ba" result="0x11de"/>  <!-- ᇝ   + ᆺ   → ᇞ  -->
    <item first="0x11e3" second="0x11c1" result="0xd7e4"/>  <!-- ᇣ   + ᇁ   → ퟤ  -->
    <item first="0x11ea" second="0x11bc" result="0xd7eb"/>  <!-- ᇪ   + ᆼ   → ퟫ  -->
    <item first="0x11eb" second="0x11b8" result="0xd7f3"/>  <!-- ᇫ   + ᆸ   → ퟳ  -->
    <item first="0x11eb" second="0x11e6" result="0xd7f4"/>  <!-- ᇫ   + ᇦ   → ퟴ  -->
    <item first="0x11ec" second="0x11a8" result="0x11ed"/>  <!-- ᇬ   + ᆨ   → ᇭ  -->
    <item first="0x11f0" second="0x11a8" result="0x11ec"/>  <!-- ᇰ   + ᆨ   → ᇬ  -->
    <item first="0x11f0" second="0x11a9" result="0x11ed"/>  <!-- ᇰ   + ᆩ   → ᇭ  -->
    <item first="0x11f0" second="0x11b7" result="0xd7f5"/>  <!-- ᇰ   + ᆷ   → ퟵ  -->
    <item first="0x11f0" second="0x11ba" result="0x11f1"/>  <!-- ᇰ   + ᆺ   → ᇱ  -->
    <item first="0x11f0" second="0x11bf" result="0x11ef"/>  <!-- ᇰ   + ᆿ   → ᇯ  -->
    <item first="0x11f0" second="0x11c2" result="0xd7f6"/>  <!-- ᇰ   + ᇂ   → ퟶ  -->
    <item first="0x11f0" second="0x11eb" result="0x11f2"/>  <!-- ᇰ   + ᇫ   → ᇲ  -->
    <item first="0x11f0" second="0x11f0" result="0x11ee"/>  <!-- ᇰ   + ᇰ   → ᇮ  -->
    <item first="0xa964" second="0x1100" result="0xa965"/>  <!-- ꥤ   + ᄀ   → ꥥ  -->
    <item first="0xa966" second="0x1103" result="0xa967"/>  <!-- ꥦ   + ᄃ   → ꥧ  -->
    <item first="0xa969" second="0x1107" result="0xa96a"/>  <!-- ꥩ   + ᄇ   → ꥪ  -->
    <item first="0xa969" second="0x110b" result="0xa96b"/>  <!-- ꥩ   + ᄋ   → ꥫ  -->
    <item first="0xd7c5" second="0x1161" result="0x11a2"/>  <!-- ퟅ   + ᅡ   → ᆢ  -->
    <item first="0xd7cd" second="0x11b8" result="0xd7ce"/>  <!-- ퟍ   + ᆸ   → ퟎ  -->
    <item first="0xd7d0" second="0x11a8" result="0xd7d1"/>  <!-- ퟐ   + ᆨ   → ퟑ  -->
    <item first="0xd7de" second="0x11ab" result="0xd7df"/>  <!-- ퟞ   + ᆫ   → ퟟ  -->
    <item first="0xd7f3" second="0x11bc" result="0xd7f4"/>  <!-- ퟳ   + ᆼ   → ퟴ  -->
    <item first="0xd7f7" second="0x11b8" result="0xd7f8"/>  <!-- ퟷ   + ᆸ   → ퟸ  -->
</combination>
